trade_id,release_ts,released_leg,release_fill_count,sibling_exit_fill_count,pre_release_paired_pnl,release_time_combined_valuation_gross,valuation_tier,immediate_executable_combined_pnl_gross,actual_full_pnl_gross,actual_full_pnl_net,post_release_incremental_pnl,unhedged_seconds,status,issue_flags,data_quality,entry_attribution,release_attribution,quote_age_s,schema_version
mts-auto-112141-818,2026-07-31T11:46:21.091335,FAR,1,1,,,UNUSABLE,,100.0,-14.7,,1.05,OK,[],UNUSABLE,UNKNOWN,UNKNOWN,"{'FAR': 0.12, 'NEAR': None}",exit_attribution.v1
mts-20260731-131817,2026-07-31T13:24:53.186265,FAR,1,1,,,UNUSABLE,,60.0,-54.7,,4.65,OK,[],UNUSABLE,UNKNOWN,UNKNOWN,"{'FAR': 0.298, 'NEAR': None}",exit_attribution.v1
mts-auto-150536-380,2026-07-31T15:28:41.770468,NEAR,1,1,20.0,,UNUSABLE,,1570.0,1455.3,1550.0,5.02,OK,[],UNUSABLE,UNKNOWN,UNKNOWN,"{'NEAR': None, 'FAR': 0.57}",exit_attribution.v1
mts-auto-155526-182,2026-07-31T15:56:42.031037,FAR,1,1,,,UNUSABLE,,110.0,-4.7,,1.13,OK,[],UNUSABLE,UNKNOWN,UNKNOWN,"{'FAR': 0.044, 'NEAR': None}",exit_attribution.v1
mts-auto-215733-051,2026-07-31T22:02:35.823158,NEAR,1,1,1820.0,,UNUSABLE,,210.0,95.3,-1610.0,6.46,OK,[],UNUSABLE,UNKNOWN,UNKNOWN,"{'NEAR': None, 'FAR': 0.009}",exit_attribution.v1
mts-auto-220242-288,2026-07-31T22:07:43.213720,NEAR,1,1,1940.0,,UNUSABLE,,40.0,-74.7,-1900.0,2.33,OK,[],UNUSABLE,UNKNOWN,UNKNOWN,"{'NEAR': None, 'FAR': 0.074}",exit_attribution.v1
mts-auto-221821-928,2026-07-31T22:18:50.868383,FAR,1,1,,,UNUSABLE,,-2460.0,-2574.7,,8.06,OK,[],UNUSABLE,UNKNOWN,UNKNOWN,"{'FAR': 0.012, 'NEAR': None}",exit_attribution.v1
mts-auto-222918-692,2026-07-31T22:31:05.951831,FAR,1,1,,,UNUSABLE,,10.0,-104.7,,5.28,OK,[],UNUSABLE,UNKNOWN,UNKNOWN,"{'FAR': 0.057, 'NEAR': None}",exit_attribution.v1
mts-auto-224719-569,2026-07-31T22:48:56.104093,FAR,1,1,,,UNUSABLE,,-1060.0,-1174.7,,9.48,OK,[],UNUSABLE,UNKNOWN,UNKNOWN,"{'FAR': 0.03, 'NEAR': None}",exit_attribution.v1
mts-auto-225909-825,2026-07-31T23:04:54.497474,FAR,1,1,,,UNUSABLE,,-930.0,-1044.7,,7.15,OK,[],UNUSABLE,UNKNOWN,UNKNOWN,"{'FAR': 0.343, 'NEAR': None}",exit_attribution.v1
mts-auto-010052-132,2026-08-01T01:05:39.424169,FAR,1,1,,,UNUSABLE,,-690.0,-804.7,,85.23,OK,[],UNUSABLE,UNKNOWN,UNKNOWN,"{'FAR': 0.04, 'NEAR': None}",exit_attribution.v1
mts-auto-011204-918,2026-08-01T01:24:31.930687,FAR,1,1,,,UNUSABLE,,-800.0,-914.7,,0.32,OK,[],UNUSABLE,UNKNOWN,UNKNOWN,"{'FAR': 0.055, 'NEAR': None}",exit_attribution.v1
mts-auto-042639-889,2026-08-01T04:48:15.512249,FAR,1,1,,,UNUSABLE,,-480.0,-594.7,,0.43,OK,[],UNUSABLE,UNKNOWN,UNKNOWN,"{'FAR': 0.297, 'NEAR': None}",exit_attribution.v1
mts-auto-102215-940,2026-08-03T10:24:01.716573,FAR,1,1,50.0,-1460.0,BOUNDED_TICK_PROXY,,-1120.0,-1234.7,-1170.0,3.07,OK,[],PROXY,UNKNOWN,UNKNOWN,"{'FAR': 0.044, 'NEAR': 1.717}",exit_attribution.v1
mts-auto-102904-822,2026-08-03T10:30:46.135614,NEAR,1,1,-1460.0,,UNUSABLE,,140.0,25.3,1600.0,7.13,OK,[],UNUSABLE,UNKNOWN,UNKNOWN,"{'NEAR': None, 'FAR': 0.001}",exit_attribution.v1
mts-auto-105549-987,2026-08-03T11:02:11.278676,FAR,1,1,,,UNUSABLE,,-750.0,-864.7,,11.02,OK,[],UNUSABLE,UNKNOWN,UNKNOWN,"{'FAR': 0.029, 'NEAR': None}",exit_attribution.v1
mts-auto-115545-342,2026-08-03T11:57:25.253192,FAR,1,1,,,UNUSABLE,,-140.0,-254.7,,3.26,OK,[],UNUSABLE,UNKNOWN,UNKNOWN,"{'FAR': 0.088, 'NEAR': None}",exit_attribution.v1
mts-auto-131654-522,2026-08-03T13:23:57.071954,FAR,1,1,,,UNUSABLE,,-500.0,-614.7,,8.72,OK,[],UNUSABLE,UNKNOWN,UNKNOWN,"{'FAR': 0.064, 'NEAR': None}",exit_attribution.v1
mts-auto-155106-511,2026-08-03T16:01:22.510987,FAR,1,1,,,UNUSABLE,,-200.0,-314.7,,490.61,OK,[],UNUSABLE,UNKNOWN,UNKNOWN,"{'FAR': 0.25, 'NEAR': None}",exit_attribution.v1
mts-auto-171102-999,2026-08-03T17:11:45.387479,FAR,1,1,,,UNUSABLE,,-980.0,-1094.7,,13.65,OK,[],UNUSABLE,UNKNOWN,UNKNOWN,"{'FAR': 0.042, 'NEAR': None}",exit_attribution.v1
mts-auto-173905-346,2026-08-03T17:44:48.237286,FAR,1,1,,,UNUSABLE,,-930.0,-1044.7,,2.52,OK,[],UNUSABLE,UNKNOWN,UNKNOWN,"{'FAR': 0.047, 'NEAR': None}",exit_attribution.v1
mts-auto-174950-834,2026-08-03T17:53:22.399428,FAR,1,1,,,UNUSABLE,,-1030.0,-1144.7,,15.94,OK,[],UNUSABLE,UNKNOWN,UNKNOWN,"{'FAR': 0.046, 'NEAR': None}",exit_attribution.v1
mts-auto-180345-698,2026-08-03T18:11:37.207033,FAR,1,1,,,UNUSABLE,,-620.0,-734.7,,175.56,OK,[],UNUSABLE,UNKNOWN,UNKNOWN,"{'FAR': 0.323, 'NEAR': None}",exit_attribution.v1
mts-auto-181933-193,2026-08-03T18:20:48.046079,FAR,1,1,,,UNUSABLE,,-920.0,-1034.7,,9.4,OK,[],UNUSABLE,UNKNOWN,UNKNOWN,"{'FAR': 0.001, 'NEAR': None}",exit_attribution.v1
mts-auto-182558-304,2026-08-03T18:29:56.079353,NEAR,1,1,-1410.0,,UNUSABLE,,30.0,-84.7,1440.0,4.0,OK,[],UNUSABLE,UNKNOWN,UNKNOWN,"{'NEAR': None, 'FAR': 0.015}",exit_attribution.v1
mts-auto-183500-298,2026-08-03T19:01:20.113997,FAR,1,1,,,UNUSABLE,,-1390.0,-1504.7,,8.9,OK,[],UNUSABLE,UNKNOWN,UNKNOWN,"{'FAR': 0.008, 'NEAR': None}",exit_attribution.v1
mts-auto-190629-081,2026-08-03T19:38:55.595187,FAR,1,1,,,UNUSABLE,,-1000.0,-1114.7,,9.57,OK,[],UNUSABLE,UNKNOWN,UNKNOWN,"{'FAR': 0.02, 'NEAR': None}",exit_attribution.v1
mts-auto-194405-684,2026-08-03T20:06:01.392898,FAR,1,1,40.0,-1410.0,BOUNDED_TICK_PROXY,,-460.0,-574.7,-500.0,161.86,OK,[],PROXY,UNKNOWN,UNKNOWN,"{'FAR': 0.037, 'NEAR': 1.393}",exit_attribution.v1
mts-auto-201343-347,2026-08-03T21:02:16.680039,FAR,1,1,,,UNUSABLE,,-580.0,-694.7,,17.93,OK,[],UNUSABLE,UNKNOWN,UNKNOWN,"{'FAR': 0.09, 'NEAR': None}",exit_attribution.v1
mts-auto-210734-945,2026-08-03T21:30:46.357410,FAR,1,1,,,UNUSABLE,,-1200.0,-1314.7,,4.1,OK,[],UNUSABLE,UNKNOWN,UNKNOWN,"{'FAR': 0.005, 'NEAR': None}",exit_attribution.v1
mts-auto-213550-689,2026-08-03T21:36:47.246479,NEAR,1,1,-1450.0,,UNUSABLE,,480.0,365.3,1930.0,15.9,OK,[],UNUSABLE,UNKNOWN,UNKNOWN,"{'NEAR': None, 'FAR': 0.008}",exit_attribution.v1
mts-auto-213703-168,2026-08-03T21:42:04.113860,FAR,1,1,200.0,-1280.0,BOUNDED_TICK_PROXY,,-730.0,-844.7,-930.0,4.56,OK,[],PROXY,UNKNOWN,UNKNOWN,"{'FAR': 0.03, 'NEAR': 4.114}",exit_attribution.v1
mts-auto-214709-059,2026-08-03T21:48:47.120753,NEAR,1,1,-1460.0,,UNUSABLE,,240.0,125.3,1700.0,8.57,OK,[],UNUSABLE,UNKNOWN,UNKNOWN,"{'NEAR': None, 'FAR': 0.002}",exit_attribution.v1
mts-auto-220107-860,2026-08-03T22:04:15.088738,FAR,1,1,,,UNUSABLE,,-960.0,-1074.7,,15.81,OK,[],UNUSABLE,UNKNOWN,UNKNOWN,"{'FAR': 0.019, 'NEAR': None}",exit_attribution.v1
mts-auto-220936-758,2026-08-03T22:13:10.339041,NEAR,1,1,-1380.0,,UNUSABLE,,90.0,-24.7,1470.0,7.44,OK,[],UNUSABLE,UNKNOWN,UNKNOWN,"{'NEAR': None, 'FAR': 0.039}",exit_attribution.v1
mts-auto-221817-904,2026-08-03T22:21:56.973639,NEAR,1,1,-1530.0,,UNUSABLE,,80.0,-34.7,1610.0,7.07,OK,[],UNUSABLE,UNKNOWN,UNKNOWN,"{'NEAR': None, 'FAR': 0.011}",exit_attribution.v1
mts-auto-222204-082,2026-08-03T22:30:12.400261,FAR,1,1,,,UNUSABLE,,0.0,0.0,,36887.95,CORRUPT,['corrupt_realized_pnl'],UNRECONCILED,UNKNOWN,UNKNOWN,"{'FAR': 0.044, 'NEAR': None}",exit_attribution.v1
mts-auto-085000-388,2026-08-04T08:55:06.483034,FAR,1,1,,,UNUSABLE,,-80.0,-194.7,,0.21,OK,[],UNUSABLE,UNKNOWN,UNKNOWN,"{'FAR': 0.039, 'NEAR': None}",exit_attribution.v1
mts-auto-090006-702,2026-08-04T09:00:46.703894,NEAR,1,1,1740.0,,UNUSABLE,,0.0,-114.7,-1740.0,6.23,OK,[],UNUSABLE,UNKNOWN,UNKNOWN,"{'NEAR': None, 'FAR': 0.062}",exit_attribution.v1
mts-auto-090555-078,2026-08-04T09:06:27.836262,NEAR,1,1,1620.0,,UNUSABLE,,60.0,-54.7,-1560.0,14.23,OK,[],UNUSABLE,UNKNOWN,UNKNOWN,"{'NEAR': None, 'FAR': 0.014}",exit_attribution.v1
mts-auto-091145-053,2026-08-04T09:20:15.837034,NEAR,1,1,-1190.0,,UNUSABLE,,190.0,75.3,1380.0,7.61,OK,[],UNUSABLE,UNKNOWN,UNKNOWN,"{'NEAR': None, 'FAR': 0.047}",exit_attribution.v1
mts-auto-094226-675,2026-08-04T09:47:27.853405,NEAR,1,2,2920.0,,UNUSABLE,,,,,3.26,UNRECONCILED,['overclosed_sibling_exit'],UNRECONCILED,UNKNOWN,UNKNOWN,"{'NEAR': None, 'FAR': 0.118}",exit_attribution.v1
mts-auto-095232-549,2026-08-04T09:55:10.471330,NEAR,1,1,-1170.0,,UNUSABLE,,240.0,125.3,1410.0,12.35,OK,[],UNUSABLE,UNKNOWN,UNKNOWN,"{'NEAR': None, 'FAR': 0.061}",exit_attribution.v1
mts-auto-100023-419,2026-08-04T10:02:47.106975,FAR,1,1,,,UNUSABLE,,-1870.0,-1984.7,,0.33,OK,[],UNUSABLE,UNKNOWN,UNKNOWN,"{'FAR': 0.028, 'NEAR': None}",exit_attribution.v1
mts-auto-100747-469,2026-08-04T10:10:39.140190,FAR,1,1,,,UNUSABLE,,10.0,-104.7,,0.86,OK,[],UNUSABLE,UNKNOWN,UNKNOWN,"{'FAR': 0.001, 'NEAR': None}",exit_attribution.v1
mts-auto-101541-322,2026-08-04T10:30:58.886905,NEAR,1,1,-1240.0,,UNUSABLE,,200.0,85.3,1440.0,6.51,OK,[],UNUSABLE,UNKNOWN,UNKNOWN,"{'NEAR': None, 'FAR': 0.011}",exit_attribution.v1
mts-auto-103605-501,2026-08-04T11:11:54.773865,FAR,1,1,,,UNUSABLE,,400.0,285.3,,7.76,OK,[],UNUSABLE,UNKNOWN,UNKNOWN,"{'FAR': 0.049, 'NEAR': None}",exit_attribution.v1
mts-auto-202827-178,2026-08-04T21:20:57.693427,NEAR,1,1,-1090.0,,UNUSABLE,,-90.0,-204.7,1000.0,14.84,OK,[],UNUSABLE,UNKNOWN,UNKNOWN,"{'NEAR': None, 'FAR': 0.017}",exit_attribution.v1
mts-auto-223819-822,2026-08-04T23:38:33.122085,NEAR,1,1,-1030.0,,UNUSABLE,,300.0,185.3,1330.0,10.24,OK,[],UNUSABLE,UNKNOWN,UNKNOWN,"{'NEAR': None, 'FAR': 0.067}",exit_attribution.v1
mts-auto-234343-750,2026-08-05T01:01:12.851997,NEAR,1,1,-1100.0,,UNUSABLE,,390.0,275.3,1490.0,1359.46,OK,[],UNUSABLE,UNKNOWN,UNKNOWN,"{'NEAR': None, 'FAR': 0.075}",exit_attribution.v1
mts-auto-012942-311,2026-08-05T03:07:08.664384,NEAR,1,1,-1090.0,,UNUSABLE,,-520.0,-634.7,570.0,1131.5,OK,[],UNUSABLE,UNKNOWN,UNKNOWN,"{'NEAR': None, 'FAR': 0.081}",exit_attribution.v1
mts-auto-033101-446,2026-08-05T04:15:05.022804,FAR,1,1,,,UNUSABLE,,570.0,455.3,,2.76,OK,[],UNUSABLE,UNKNOWN,UNKNOWN,"{'FAR': 0.083, 'NEAR': None}",exit_attribution.v1
mts-auto-093313-480,2026-08-05T09:48:37.068159,NEAR,1,1,-1050.0,,UNUSABLE,,-260.0,-374.7,790.0,15.44,OK,[],UNUSABLE,UNKNOWN,UNKNOWN,"{'NEAR': None, 'FAR': 0.031}",exit_attribution.v1
mts-auto-104548-727,2026-08-05T11:29:57.912062,FAR,1,1,,,UNUSABLE,,80.0,-34.7,,6.91,OK,[],UNUSABLE,UNKNOWN,UNKNOWN,"{'FAR': 0.016, 'NEAR': None}",exit_attribution.v1
mts-auto-160608-802,2026-08-05T16:31:18.646682,FAR,1,1,,,UNUSABLE,,-1160.0,-1274.7,,2.15,OK,[],UNUSABLE,UNKNOWN,UNKNOWN,"{'FAR': 0.002, 'NEAR': None}",exit_attribution.v1
mts-auto-172315-354,2026-08-05T19:02:50.857554,NEAR,1,1,-1050.0,,UNUSABLE,,-670.0,-784.7,380.0,269.56,OK,[],UNUSABLE,UNKNOWN,UNKNOWN,"{'NEAR': None, 'FAR': 0.052}",exit_attribution.v1
mts-auto-215351-899,2026-08-05T22:03:53.998131,FAR,1,1,,,UNUSABLE,,70.0,-44.7,,9.15,OK,[],UNUSABLE,UNKNOWN,UNKNOWN,"{'FAR': 0.065, 'NEAR': None}",exit_attribution.v1
mts-auto-034923-011,2026-08-06T03:59:55.572262,FAR,1,1,,,UNUSABLE,,-1160.0,-1274.7,,33.7,OK,[],UNUSABLE,UNKNOWN,UNKNOWN,"{'FAR': 0.106, 'NEAR': None}",exit_attribution.v1
mts-auto-150500-553,2026-08-06T19:03:02.821751,FAR,1,1,,,UNUSABLE,,-1880.0,-1994.7,,24.63,OK,[],UNUSABLE,UNKNOWN,UNKNOWN,"{'FAR': 0.004, 'NEAR': None}",exit_attribution.v1
mts-auto-190827-878,2026-08-06T19:24:17.864739,NEAR,1,1,-680.0,,UNUSABLE,,-180.0,-294.7,500.0,11.61,OK,[],UNUSABLE,UNKNOWN,UNKNOWN,"{'NEAR': None, 'FAR': 0.089}",exit_attribution.v1
mts-auto-192929-633,2026-08-06T21:12:22.321598,FAR,1,1,,,UNUSABLE,,240.0,125.3,,215.38,OK,[],UNUSABLE,UNKNOWN,UNKNOWN,"{'FAR': 0.162, 'NEAR': None}",exit_attribution.v1
mts-auto-213505-383,2026-08-06T21:41:44.424328,NEAR,1,1,-570.0,,UNUSABLE,,100.0,-14.7,670.0,18.37,OK,[],UNUSABLE,UNKNOWN,UNKNOWN,"{'NEAR': None, 'FAR': 0.015}",exit_attribution.v1
mts-auto-214703-027,2026-08-06T22:00:09.439831,NEAR,1,1,-10.0,,UNUSABLE,,370.0,255.3,380.0,49.91,OK,[],UNUSABLE,UNKNOWN,UNKNOWN,"{'NEAR': None, 'FAR': 0.01}",exit_attribution.v1
mts-auto-221118-764,2026-08-06T22:34:36.369103,NEAR,1,1,-410.0,,UNUSABLE,,-40.0,-154.7,370.0,21.23,OK,[],UNUSABLE,UNKNOWN,UNKNOWN,"{'NEAR': None, 'FAR': 0.004}",exit_attribution.v1
mts-auto-085114-323,2026-08-07T08:53:36.221685,NEAR,1,1,-510.0,,UNUSABLE,,-10.0,-124.7,500.0,29.61,OK,[],UNUSABLE,UNKNOWN,UNKNOWN,"{'NEAR': None, 'FAR': 0.006}",exit_attribution.v1
mts-auto-085905-958,2026-08-07T09:04:28.055540,FAR,1,1,,,UNUSABLE,,-130.0,-244.7,,1.32,OK,[],UNUSABLE,UNKNOWN,UNKNOWN,"{'FAR': 0.081, 'NEAR': None}",exit_attribution.v1
mts-auto-090929-523,2026-08-07T09:13:25.732742,FAR,1,1,,,UNUSABLE,,-920.0,-1034.7,,18.71,OK,[],UNUSABLE,UNKNOWN,UNKNOWN,"{'FAR': 0.053, 'NEAR': None}",exit_attribution.v1
